{"cameraMode":{"drawMode":0,"name":"Shaded","section":"Shading Mode"},"sceneLighting":true,"audioPlay":false,"sceneViewState":{"m_AlwaysRefresh":false,"showFog":true,"showSkybox":true,"showFlares":true,"showImageEffects":true,"showParticleSystems":true,"showVisualEffectGraphs":true,"m_FxEnabled":true},"in2DMode":false,"pivot":{"x":-4.382778167724609,"y":11.516878128051758,"z":-51.47467803955078},"rotation":{"x":-0.001957409083843231,"y":-0.9906390905380249,"z":0.014263788238167763,"w":-0.13576892018318177},"size":48.84288787841797,"orthographic":true}